{"cameraMode":{"drawMode":0,"name":"Shaded","section":"Shading Mode"},"sceneLighting":true,"audioPlay":false,"sceneViewState":{"showFog":true,"showMaterialUpdate":false,"showSkybox":true,"showFlares":true,"showImageEffects":true,"showParticleSystems":true},"in2DMode":false,"pivot":{"x":528.9462890625,"y":-25.40838623046875,"z":-225.59396362304688},"rotation":{"x":-0.021292593330144883,"y":0.9613461494445801,"z":-0.26327812671661379,"w":-0.07774867862462998},"size":1055.5372314453125,"orthographic":false}