{"cameraMode":{"drawMode":0,"name":"Shaded","section":"Shading Mode"},"sceneLighting":false,"audioPlay":false,"sceneViewState":{"showFog":true,"showMaterialUpdate":false,"showSkybox":true,"showFlares":true,"showImageEffects":true,"showParticleSystems":true},"in2DMode":false,"pivot":{"x":164.9513702392578,"y":17.285797119140626,"z":387.645263671875},"rotation":{"x":0.006605148781090975,"y":0.9504845142364502,"z":-0.3100413680076599,"w":0.020249061286449434},"size":404.0677185058594,"orthographic":false}