{"cameraMode":{"drawMode":0,"name":"Shaded","section":"Shading Mode"},"sceneLighting":false,"audioPlay":false,"sceneViewState":{"showFog":true,"showMaterialUpdate":false,"showSkybox":true,"showFlares":true,"showImageEffects":true,"showParticleSystems":true},"in2DMode":false,"pivot":{"x":154.5627899169922,"y":32.73028564453125,"z":371.1960144042969},"rotation":{"x":0.0055966502986848358,"y":0.9519266486167908,"z":-0.30577898025512698,"w":0.017422925680875779},"size":340.9023742675781,"orthographic":false}