{"cameraMode":{"drawMode":0,"name":"Shaded","section":"Shading Mode"},"sceneLighting":false,"audioPlay":false,"sceneViewState":{"showFog":true,"showMaterialUpdate":false,"showSkybox":true,"showFlares":true,"showImageEffects":true,"showParticleSystems":true},"in2DMode":false,"pivot":{"x":151.88253784179688,"y":-61.972320556640628,"z":414.24237060546877},"rotation":{"x":0.06467350572347641,"y":-0.9284895658493042,"z":0.310270756483078,"w":0.19353698194026948},"size":403.78204345703127,"orthographic":false}