{"cameraMode":{"drawMode":0,"name":"Shaded","section":"Shading Mode"},"sceneLighting":false,"audioPlay":false,"sceneViewState":{"showFog":true,"showMaterialUpdate":false,"showSkybox":true,"showFlares":true,"showImageEffects":true,"showParticleSystems":true},"in2DMode":false,"pivot":{"x":443.1075744628906,"y":-36.34801483154297,"z":-533.8250122070313},"rotation":{"x":-0.014652550220489502,"y":0.9626191854476929,"z":-0.26518023014068606,"w":-0.05318978428840637},"size":22.0,"orthographic":false}