{"cameraMode":{"drawMode":0,"name":"Shaded","section":"Shading Mode"},"sceneLighting":false,"audioPlay":false,"sceneViewState":{"showFog":true,"showMaterialUpdate":false,"showSkybox":true,"showFlares":true,"showImageEffects":true,"showParticleSystems":true},"in2DMode":false,"pivot":{"x":150.84017944335938,"y":145.89529418945313,"z":286.9336853027344},"rotation":{"x":-0.003923318814486265,"y":0.9547169804573059,"z":-0.2972228229045868,"w":-0.012602237984538079},"size":332.96771240234377,"orthographic":false}