{"cameraMode":{"drawMode":0,"name":"Shaded","section":"Shading Mode"},"sceneLighting":false,"audioPlay":false,"sceneViewState":{"showFog":true,"showMaterialUpdate":false,"showSkybox":true,"showFlares":true,"showImageEffects":true,"showParticleSystems":true},"in2DMode":false,"pivot":{"x":644.1589965820313,"y":468.73468017578127,"z":326.6712646484375},"rotation":{"x":-0.15200583636760713,"y":0.16579310595989228,"z":-0.02587330900132656,"w":-0.9740315675735474},"size":1271.8507080078125,"orthographic":false}