{"cameraMode":{"drawMode":0,"name":"Shaded","section":"Shading Mode"},"sceneLighting":false,"audioPlay":false,"sceneViewState":{"showFog":true,"showMaterialUpdate":false,"showSkybox":true,"showFlares":true,"showImageEffects":true,"showParticleSystems":true},"in2DMode":false,"pivot":{"x":0.26004505157470705,"y":0.8115527629852295,"z":-0.34834766387939455},"rotation":{"x":-0.021510683000087739,"y":0.9732293486595154,"z":-0.20470154285430909,"w":-0.10227029770612717},"size":5.674833297729492,"orthographic":false}