{"cameraMode":{"drawMode":0,"name":"Shaded","section":"Shading Mode"},"sceneLighting":true,"audioPlay":false,"sceneViewState":{"showFog":true,"showMaterialUpdate":false,"showSkybox":true,"showFlares":true,"showImageEffects":true,"showParticleSystems":true},"in2DMode":false,"pivot":{"x":431.8946533203125,"y":-6.3873748779296879,"z":-117.17523193359375},"rotation":{"x":-0.08358651399612427,"y":-0.8979271650314331,"z":0.19449645280838014,"w":-0.38589027523994448},"size":517.3827514648438,"orthographic":false}