{"cameraMode":{"drawMode":0,"name":"Shaded","section":"Shading Mode"},"sceneLighting":false,"audioPlay":false,"sceneViewState":{"showFog":true,"showMaterialUpdate":false,"showSkybox":true,"showFlares":true,"showImageEffects":true,"showParticleSystems":true},"in2DMode":false,"pivot":{"x":-0.2598152160644531,"y":19.126853942871095,"z":-0.0000019073486328125},"rotation":{"x":-0.1364259123802185,"y":0.7846779823303223,"z":-0.1860547959804535,"w":-0.575371265411377},"size":107.89342498779297,"orthographic":false}