{"cameraMode":{"drawMode":0,"name":"Shaded","section":"Shading Mode"},"sceneLighting":false,"audioPlay":false,"sceneViewState":{"showFog":true,"showMaterialUpdate":false,"showSkybox":true,"showFlares":true,"showImageEffects":true,"showParticleSystems":true},"in2DMode":false,"pivot":{"x":1.0563249588012696,"y":18.538999557495118,"z":2.984882354736328},"rotation":{"x":0.018281251192092897,"y":-0.9719198346138,"z":0.22030054032802583,"w":0.08065567910671234},"size":61.09259033203125,"orthographic":false}