{"cameraMode":{"drawMode":0,"name":"Shaded","section":"Shading Mode"},"sceneLighting":false,"audioPlay":false,"sceneViewState":{"showFog":true,"showMaterialUpdate":false,"showSkybox":true,"showFlares":true,"showImageEffects":true,"showParticleSystems":true},"in2DMode":false,"pivot":{"x":-9.935352325439454,"y":6.992259979248047,"z":-13.599365234375},"rotation":{"x":0.039366696029901507,"y":-0.9579982757568359,"z":0.2338275909423828,"w":0.16128931939601899},"size":110.64533233642578,"orthographic":false}