{"cameraMode":{"drawMode":0,"name":"Shaded","section":"Shading Mode"},"sceneLighting":false,"audioPlay":false,"sceneViewState":{"showFog":true,"showMaterialUpdate":false,"showSkybox":true,"showFlares":true,"showImageEffects":true,"showParticleSystems":true},"in2DMode":false,"pivot":{"x":3.3092288970947267,"y":22.750537872314454,"z":-7.8387298583984379},"rotation":{"x":0.05939666926860809,"y":-0.9402218461036682,"z":0.25052112340927126,"w":0.22292184829711915},"size":79.3973388671875,"orthographic":false}