{"cameraMode":{"drawMode":0,"name":"Shaded","section":"Shading Mode"},"sceneLighting":false,"audioPlay":false,"sceneViewState":{"showFog":true,"showMaterialUpdate":false,"showSkybox":true,"showFlares":true,"showImageEffects":true,"showParticleSystems":true},"in2DMode":false,"pivot":{"x":-75.94428253173828,"y":-23.308372497558595,"z":-9.31698989868164},"rotation":{"x":-0.1364259123802185,"y":0.7846779823303223,"z":-0.1860547959804535,"w":-0.575371265411377},"size":176.06126403808595,"orthographic":false}