{"cameraMode":{"drawMode":0,"name":"Shaded","section":"Shading Mode"},"sceneLighting":false,"audioPlay":false,"sceneViewState":{"showFog":true,"showMaterialUpdate":false,"showSkybox":true,"showFlares":true,"showImageEffects":true,"showParticleSystems":true},"in2DMode":false,"pivot":{"x":-73.7239761352539,"y":-18.705917358398439,"z":-24.051969528198243},"rotation":{"x":-0.1364259123802185,"y":0.7846779823303223,"z":-0.1860547959804535,"w":-0.575371265411377},"size":192.2633056640625,"orthographic":false}