{"cameraMode":{"drawMode":0,"name":"Shaded","section":"Shading Mode"},"sceneLighting":false,"audioPlay":false,"sceneViewState":{"showFog":true,"showMaterialUpdate":false,"showSkybox":true,"showFlares":true,"showImageEffects":true,"showParticleSystems":true},"in2DMode":false,"pivot":{"x":-2.2914066314697267,"y":17.611671447753908,"z":-1.7259483337402344},"rotation":{"x":0.05939666926860809,"y":-0.9402218461036682,"z":0.25052112340927126,"w":0.22292184829711915},"size":79.3973388671875,"orthographic":false}