{"cameraMode":{"drawMode":0,"name":"Shaded","section":"Shading Mode"},"sceneLighting":false,"audioPlay":false,"sceneViewState":{"showFog":true,"showMaterialUpdate":false,"showSkybox":true,"showFlares":true,"showImageEffects":true,"showParticleSystems":true},"in2DMode":false,"pivot":{"x":-12.490074157714844,"y":10.132364273071289,"z":-14.439559936523438},"rotation":{"x":0.039366696029901507,"y":-0.9579982757568359,"z":0.2338275909423828,"w":0.16128931939601899},"size":71.82763671875,"orthographic":false}