{"cameraMode":{"drawMode":0,"name":"Shaded","section":"Shading Mode"},"sceneLighting":true,"audioPlay":false,"sceneViewState":{"showFog":false,"showMaterialUpdate":false,"showSkybox":false,"showFlares":false,"showImageEffects":false,"showParticleSystems":false},"in2DMode":false,"pivot":{"x":560.5994873046875,"y":304.44561767578127,"z":-2.035552978515625},"rotation":{"x":-0.07741080969572067,"y":-0.8859615325927734,"z":0.16012948751449586,"w":-0.4282969534397125},"size":555.744140625,"orthographic":false}