{"cameraMode":{"drawMode":0,"name":"Shaded","section":"Shading Mode"},"sceneLighting":true,"audioPlay":false,"sceneViewState":{"showFog":false,"showMaterialUpdate":false,"showSkybox":false,"showFlares":false,"showImageEffects":false,"showParticleSystems":false},"in2DMode":false,"pivot":{"x":653.3825073242188,"y":301.0255126953125,"z":53.21088790893555},"rotation":{"x":-0.00015748769510537386,"y":-0.8521007299423218,"z":0.5233778953552246,"w":-0.0002563848393037915},"size":139.5076446533203,"orthographic":false}